Customer ID,Product ID,Review Date,Review Rating,Review Text
C000021,P0000000001,2024-03-01,5,Efficient Performance
C000022,P0000000002,2024-03-02,4,Quiet Operation
C000023,P0000000003,2024-03-03,2,Easy Setup
C000024,P0000000004,2024-03-04,3,Works Great
C000025,P0000000005,2024-03-05,4,Powerful Motor
C000026,P0000000006,2024-03-06,1,Too Noisy
C000027,P0000000007,2024-03-07,5,Durable Build
C000028,P0000000008,2024-03-08,3,Top Performance
C000029,P0000000009,2024-03-09,4,Excellent Value
C000030,P0000000010,2024-03-10,2,Not Effective
